{"corn": 79.11618947982788, "instruments": 99.9925971031189, "mushroom": 99.96646642684937, "bird": 73.05209040641785}